filename,width,height,class,xmin,ymin,xmax,ymax
1-1-ginny.jpg,800,608,Ginny,277,236,296,273
1-1-sirius.jpg,800,608,Sirius,556,242,577,276
1-1-voldemort.jpg,800,608,Voldemort,72,269,90,309
1-22-luna.jpg,800,608,Luna,381,228,398,265
10-1-voldemort.jpg,800,608,Voldemort,225,280,404,607
10-10-ginny.jpg,800,608,Ginny,316,232,333,267
10-11-sirius.jpg,800,608,Sirius,256,257,295,325
10-22-luna.jpg,800,608,Luna,339,250,440,450
100-22-harry.jpg,800,608,Harry,194,334,365,444
100-25-voldemort.jpg,800,608,Voldemort,335,232,366,285
100-29-ginny.jpg,800,608,Ginny,210,330,294,439
100-33-luna.jpg,800,608,Luna,221,238,237,265
101-22-harry.jpg,800,608,Harry,150,349,345,473
101-25-voldemort.jpg,800,608,Voldemort,333,235,364,292
101-29-ginny.jpg,800,608,Ginny,188,363,309,537
101-33-luna.jpg,800,608,Luna,205,235,223,267
102-22-harry.jpg,800,608,Harry,1,452,218,606
102-25-voldemort.jpg,800,608,Voldemort,332,235,365,297
102-28-sirius.jpg,800,608,Sirius,480,275,571,446
102-29-ginny.jpg,800,608,Ginny,186,367,314,548
102-33-luna.jpg,800,608,Luna,172,241,193,275
103-23-harry.jpg,800,608,Harry,500,263,552,296
103-25-voldemort.jpg,800,608,Voldemort,325,238,360,302
103-28-sirius.jpg,800,608,Sirius,500,286,618,501
103-3-ginny.jpg,800,608,Ginny,288,238,319,295
103-33-luna.jpg,800,608,Luna,145,244,167,284
104-23-harry.jpg,800,608,Harry,462,267,527,306
104-25-voldemort.jpg,800,608,Voldemort,310,241,352,321
104-28-sirius.jpg,800,608,Sirius,542,319,745,608
104-3-ginny.jpg,800,608,Ginny,322,240,365,314
104-33-luna.jpg,800,608,Luna,143,239,170,288
105-23-harry.jpg,800,608,Harry,437,270,512,312
105-25-voldemort.jpg,800,608,Voldemort,290,247,344,346
105-29-sirius.jpg,800,608,Sirius,144,339,313,440
105-3-ginny.jpg,800,608,Ginny,384,244,449,364
105-33-luna.jpg,800,608,Luna,151,241,182,303
106-23-harry.jpg,800,608,Harry,420,279,507,325
106-25-voldemort.jpg,800,608,Voldemort,277,250,339,365
106-29-sirius.jpg,800,608,Sirius,88,383,340,544
106-3-ginny.jpg,800,608,Ginny,469,258,567,446
106-33-luna.jpg,800,608,Luna,176,241,217,319
107-23-harry.jpg,800,608,Harry,425,261,515,308
107-25-voldemort.jpg,800,608,Voldemort,259,254,333,389
107-29-sirius.jpg,800,608,Sirius,81,390,350,570
107-3-ginny.jpg,800,608,Ginny,621,288,784,570
107-33-luna.jpg,800,608,Luna,212,241,264,344
108-23-harry.jpg,800,608,Harry,427,266,519,322
108-25-voldemort.jpg,800,608,Voldemort,237,260,326,425
108-3-sirius.jpg,800,608,Sirius,346,237,358,260
108-30-ginny.jpg,800,608,Ginny,86,280,141,316
108-33-luna.jpg,800,608,Luna,234,245,305,384
109-23-harry.jpg,800,608,Harry,397,281,489,337
109-25-voldemort.jpg,800,608,Voldemort,209,265,316,462
109-3-sirius.jpg,800,608,Sirius,350,240,361,263
109-30-ginny.jpg,800,608,Ginny,79,300,161,354
109-33-luna.jpg,800,608,Luna,245,249,341,438
11-10-ginny.jpg,800,608,Ginny,297,233,317,275
11-10-voldemort.jpg,800,608,Voldemort,333,237,357,284
11-11-sirius.jpg,800,608,Sirius,323,250,372,337
11-22-luna.jpg,800,608,Luna,338,252,439,457
110-23-harry.jpg,800,608,Harry,382,288,482,352
110-25-voldemort.jpg,800,608,Voldemort,159,281,298,533
110-3-sirius.jpg,800,608,Sirius,335,240,351,272
110-30-ginny.jpg,800,608,Ginny,67,324,187,398
110-33-luna.jpg,800,608,Luna,249,257,383,525
111-23-harry.jpg,800,608,Harry,240,322,402,418
111-25-voldemort.jpg,800,608,Voldemort,112,293,282,587
111-3-sirius.jpg,800,608,Sirius,313,247,338,293
111-30-ginny.jpg,800,608,Ginny,9,358,177,468
111-34-luna.jpg,800,608,Luna,221,238,237,265
111-34-luna.jpg,800,608,Luna,364,227,380,258
112-23-harry.jpg,800,608,Harry,202,332,384,442
112-25-voldemort.jpg,800,608,Voldemort,1,326,232,607
112-3-sirius.jpg,800,608,Sirius,288,249,322,313
112-34-luna.jpg,800,608,Luna,221,238,237,265
112-34-luna.jpg,800,608,Luna,364,227,380,258
113-24-harry.jpg,800,608,Harry,327,250,371,279
113-26-voldemort.jpg,800,608,Voldemort,383,255,437,291
113-3-sirius.jpg,800,608,Sirius,256,253,300,337
113-34-luna.jpg,800,608,Luna,361,229,378,261
114-24-harry.jpg,800,608,Harry,326,252,371,280
114-26-voldemort.jpg,800,608,Voldemort,384,265,442,303
114-3-sirius.jpg,800,608,Sirius,221,267,275,377
114-34-luna.jpg,800,608,Luna,356,232,378,270
115-24-harry.jpg,800,608,Harry,321,257,376,291
115-26-voldemort.jpg,800,608,Voldemort,384,275,456,323
115-3-sirius.jpg,800,608,Sirius,146,280,230,436
115-34-luna.jpg,800,608,Luna,351,230,372,267
116-24-harry.jpg,800,608,Harry,313,261,379,302
116-26-voldemort.jpg,800,608,Voldemort,385,284,475,343
116-3-sirius.jpg,800,608,Sirius,13,306,140,535
116-32-ginny.jpg,800,608,Ginny,299,267,354,298
116-34-luna.jpg,800,608,Luna,346,231,370,272
117-24-harry.jpg,800,608,Harry,312,263,378,305
117-26-voldemort.jpg,800,608,Voldemort,382,317,525,412
117-32-ginny.jpg,800,608,Ginny,303,260,349,289
117-34-luna.jpg,800,608,Luna,341,234,370,285
118-24-harry.jpg,800,608,Harry,269,286,367,345
118-26-voldemort.jpg,800,608,Voldemort,387,378,607,531
118-32-ginny.jpg,800,608,Ginny,285,265,342,297
118-34-luna.jpg,800,608,Luna,327,235,359,291
119-24-harry.jpg,800,608,Harry,260,290,365,353
119-26-voldemort.jpg,800,608,Voldemort,394,415,670,607
119-32-ginny.jpg,800,608,Ginny,236,289,315,336
119-34-luna.jpg,800,608,Luna,351,235,394,317
12-10-ginny.jpg,800,608,Ginny,267,235,295,292
12-10-voldemort.jpg,800,608,Voldemort,375,238,407,302
12-11-sirius.jpg,800,608,Sirius,390,267,459,385
12-23-luna.jpg,800,608,Luna,410,232,439,283
120-24-harry.jpg,800,608,Harry,239,302,364,377
120-32-ginny.jpg,800,608,Ginny,158,330,292,403
120-34-luna.jpg,800,608,Luna,401,239,463,360
121-24-harry.jpg,800,608,Harry,219,314,362,403
121-32-ginny.jpg,800,608,Ginny,13,404,228,528
121-34-luna.jpg,800,608,Luna,548,253,655,464
122-24-harry.jpg,800,608,Harry,175,347,366,459
122-33-ginny.jpg,800,608,Ginny,194,270,250,304
123-24-harry.jpg,800,608,Harry,109,405,374,578
123-33-ginny.jpg,800,608,Ginny,238,278,305,316
124-24-harry.jpg,800,608,Harry,67,440,395,605
124-33-ginny.jpg,800,608,Ginny,305,292,395,343
125-25-harry.jpg,800,608,Harry,271,279,345,317
125-33-ginny.jpg,800,608,Ginny,380,322,511,403
126-25-harry.jpg,800,608,Harry,323,300,424,357
126-28-voldemort.jpg,800,608,Voldemort,343,316,489,415
126-33-ginny.jpg,800,608,Ginny,477,393,699,535
127-25-harry.jpg,800,608,Harry,364,323,499,398
127-28-voldemort.jpg,800,608,Voldemort,299,340,484,468
127-34-ginny.jpg,800,608,Ginny,139,275,179,319
128-25-harry.jpg,800,608,Harry,422,365,625,479
128-28-voldemort.jpg,800,608,Voldemort,271,358,481,500
128-34-ginny.jpg,800,608,Ginny,58,292,121,354
129-25-harry.jpg,800,608,Harry,499,419,775,580
129-28-voldemort.jpg,800,608,Voldemort,229,385,475,551
129-34-ginny.jpg,800,608,Ginny,13,307,95,380
13-10-ginny.jpg,800,608,Ginny,213,237,255,322
13-10-voldemort.jpg,800,608,Voldemort,419,240,462,330
13-11-harry.jpg,800,608,Harry,175,215,267,390
13-11-sirius.jpg,800,608,Sirius,491,286,587,458
13-23-luna.jpg,800,608,Luna,424,236,459,302
130-29-voldemort.jpg,800,608,Voldemort,500,260,560,295
130-34-ginny.jpg,800,608,Ginny,1,350,53,427
131-29-voldemort.jpg,800,608,Voldemort,480,266,547,303
131-35-ginny.jpg,800,608,Ginny,277,248,316,273
132-29-voldemort.jpg,800,608,Voldemort,412,292,505,340
132-35-ginny.jpg,800,608,Ginny,321,258,372,286
133-27-harry.jpg,800,608,Harry,288,238,323,309
133-29-voldemort.jpg,800,608,Voldemort,324,351,504,444
133-33-sirius.jpg,800,608,Sirius,159,256,198,282
133-35-ginny.jpg,800,608,Ginny,295,274,375,321
133-36-luna.jpg,800,608,Luna,189,238,209,275
134-27-harry.jpg,800,608,Harry,297,252,335,328
134-29-voldemort.jpg,800,608,Voldemort,260,428,564,601
134-33-sirius.jpg,800,608,Sirius,144,259,186,287
134-35-ginny.jpg,800,608,Ginny,203,330,362,426
134-36-luna.jpg,800,608,Luna,255,231,281,278
135-27-harry.jpg,800,608,Harry,333,253,382,345
135-29-voldemort.jpg,800,608,Voldemort,227,452,597,606
135-33-sirius.jpg,800,608,Sirius,51,281,115,323
135-35-ginny.jpg,800,608,Ginny,140,377,370,534
135-36-luna.jpg,800,608,Luna,322,229,354,286
136-27-harry.jpg,800,608,Harry,424,265,495,413
136-3-voldemort.jpg,800,608,Voldemort,187,261,228,339
136-33-sirius.jpg,800,608,Sirius,22,307,117,370
136-36-ginny.jpg,800,608,Ginny,430,247,465,278
136-36-luna.jpg,800,608,Luna,357,230,395,298
137-27-harry.jpg,800,608,Harry,487,280,589,483
137-3-voldemort.jpg,800,608,Voldemort,205,264,262,367
137-34-sirius.jpg,800,608,Sirius,318,281,369,341
137-36-ginny.jpg,800,608,Ginny,440,263,495,307
137-36-luna.jpg,800,608,Luna,373,232,418,312
138-27-harry.jpg,800,608,Harry,614,323,796,606
138-3-voldemort.jpg,800,608,Voldemort,211,269,282,398
138-34-sirius.jpg,800,608,Sirius,391,302,464,394
138-36-ginny.jpg,800,608,Ginny,443,298,548,382
138-36-luna.jpg,800,608,Luna,353,235,422,358
139-28-harry.jpg,800,608,Harry,357,249,412,286
139-3-voldemort.jpg,800,608,Voldemort,195,285,307,490
139-34-sirius.jpg,800,608,Sirius,491,354,623,517
139-36-ginny.jpg,800,608,Ginny,420,332,602,472
139-36-luna.jpg,800,608,Luna,340,239,432,408
14-10-ginny.jpg,800,608,Ginny,150,240,207,355
14-11-harry.jpg,800,608,Harry,143,213,252,421
14-11-sirius.jpg,800,608,Sirius,591,307,730,548
14-23-luna.jpg,800,608,Luna,424,237,470,323
140-28-harry.jpg,800,608,Harry,360,252,415,291
140-3-voldemort.jpg,800,608,Voldemort,187,296,332,550
140-36-ginny.jpg,800,608,Ginny,409,370,646,566
140-36-luna.jpg,800,608,Luna,323,244,459,489
141-28-harry.jpg,800,608,Harry,416,265,484,314
141-3-voldemort.jpg,800,608,Voldemort,188,298,340,562
141-37-ginny.jpg,800,608,Ginny,485,269,540,299
142-28-harry.jpg,800,608,Harry,437,270,517,328
142-37-ginny.jpg,800,608,Ginny,410,283,486,326
143-28-harry.jpg,800,608,Harry,447,274,531,335
143-37-ginny.jpg,800,608,Ginny,342,297,442,354
144-28-harry.jpg,800,608,Harry,455,273,547,340
144-36-sirius.jpg,800,608,Sirius,404,228,431,270
144-37-ginny.jpg,800,608,Ginny,234,333,377,421
145-28-harry.jpg,800,608,Harry,487,295,612,391
145-36-sirius.jpg,800,608,Sirius,404,227,430,269
145-37-ginny.jpg,800,608,Ginny,55,400,284,535
146-28-harry.jpg,800,608,Harry,501,313,649,428
146-36-sirius.jpg,800,608,Sirius,457,237,480,278
147-28-harry.jpg,800,608,Harry,520,330,697,464
147-36-sirius.jpg,800,608,Sirius,458,233,486,277
148-28-harry.jpg,800,608,Harry,569,367,797,538
148-36-sirius.jpg,800,608,Sirius,485,252,513,307
149-36-sirius.jpg,800,608,Sirius,430,243,464,307
149-38-luna.jpg,800,608,Luna,373,252,406,294
15-10-ginny.jpg,800,608,Ginny,38,253,121,423
15-11-harry.jpg,800,608,Harry,20,209,184,520
15-23-luna.jpg,800,608,Luna,517,247,605,398
150-36-sirius.jpg,800,608,Sirius,444,244,482,317
150-38-luna.jpg,800,608,Luna,368,258,409,309
151-36-sirius.jpg,800,608,Sirius,493,248,540,342
151-38-luna.jpg,800,608,Luna,359,270,416,343
152-31-voldemort.jpg,800,608,Voldemort,532,242,575,323
152-36-sirius.jpg,800,608,Sirius,597,259,653,381
152-38-luna.jpg,800,608,Luna,347,290,429,396
153-31-voldemort.jpg,800,608,Voldemort,506,245,559,348
153-37-sirius.jpg,800,608,Sirius,450,249,470,292
153-38-luna.jpg,800,608,Luna,330,312,446,468
154-31-voldemort.jpg,800,608,Voldemort,492,247,552,363
154-37-sirius.jpg,800,608,Sirius,429,249,460,308
154-38-luna.jpg,800,608,Luna,319,336,469,540
155-31-voldemort.jpg,800,608,Voldemort,474,251,542,390
155-37-sirius.jpg,800,608,Sirius,453,260,496,341
155-38-luna.jpg,800,608,Luna,323,331,466,535
155-39-ginny.jpg,800,608,Ginny,342,268,407,301
156-31-voldemort.jpg,800,608,Voldemort,449,260,545,445
156-37-sirius.jpg,800,608,Sirius,485,277,555,399
156-39-ginny.jpg,800,608,Ginny,344,267,405,303
156-39-luna.jpg,800,608,Luna,60,250,83,272
157-31-voldemort.jpg,800,608,Voldemort,418,271,553,533
157-37-sirius.jpg,800,608,Sirius,534,305,639,490
157-39-ginny.jpg,800,608,Ginny,339,272,407,313
157-39-luna.jpg,800,608,Luna,21,261,54,287
158-31-voldemort.jpg,800,608,Voldemort,407,276,558,564
158-37-sirius.jpg,800,608,Sirius,621,365,795,608
158-39-ginny.jpg,800,608,Ginny,312,298,422,363
158-39-luna.jpg,800,608,Luna,32,264,74,296
159-3-harry.jpg,800,608,Harry,109,257,227,457
159-32-voldemort.jpg,800,608,Voldemort,522,280,583,315
159-38-sirius.jpg,800,608,Sirius,331,240,351,276
159-39-ginny.jpg,800,608,Ginny,257,354,457,470
159-39-luna.jpg,800,608,Luna,50,270,110,311
16-11-ginny.jpg,800,608,Ginny,188,243,239,324
16-23-luna.jpg,800,608,Luna,523,246,606,399
160-3-harry.jpg,800,608,Harry,29,262,219,567
160-32-voldemort.jpg,800,608,Voldemort,497,283,570,321
160-38-sirius.jpg,800,608,Sirius,321,243,347,286
160-39-ginny.jpg,800,608,Ginny,218,393,484,547
160-39-luna.jpg,800,608,Luna,25,282,99,333
161-3-harry.jpg,800,608,Harry,20,262,217,580
161-32-voldemort.jpg,800,608,Voldemort,475,294,557,340
161-38-sirius.jpg,800,608,Sirius,295,247,329,307
161-39-luna.jpg,800,608,Luna,1,304,88,364
162-3-harry.jpg,800,608,Harry,11,262,217,585
162-32-voldemort.jpg,800,608,Voldemort,447,306,547,365
162-38-sirius.jpg,800,608,Sirius,251,257,303,352
163-32-voldemort.jpg,800,608,Voldemort,426,315,541,385
163-38-sirius.jpg,800,608,Sirius,155,276,256,457
164-32-voldemort.jpg,800,608,Voldemort,375,340,527,438
164-39-sirius.jpg,800,608,Sirius,360,253,405,280
165-32-voldemort.jpg,800,608,Voldemort,311,379,514,512
165-39-sirius.jpg,800,608,Sirius,352,272,425,312
165-40-ginny.jpg,800,608,Ginny,350,250,387,275
166-32-voldemort.jpg,800,608,Voldemort,274,408,512,566
166-39-sirius.jpg,800,608,Sirius,327,303,466,377
166-40-ginny.jpg,800,608,Ginny,329,270,392,310
167-33-voldemort.jpg,800,608,Voldemort,628,329,745,412
167-39-sirius.jpg,800,608,Sirius,304,342,518,453
167-40-ginny.jpg,800,608,Ginny,308,285,402,345
168-33-voldemort.jpg,800,608,Voldemort,664,370,800,490
168-40-ginny.jpg,800,608,Ginny,265,325,424,420
169-40-ginny.jpg,800,608,Ginny,135,418,444,576
169-41-luna.jpg,800,608,Luna,196,252,236,280
17-11-ginny.jpg,800,608,Ginny,20,258,86,374
170-41-luna.jpg,800,608,Luna,240,262,291,301
171-31-harry.jpg,800,608,Harry,414,273,474,307
171-41-luna.jpg,800,608,Luna,336,266,410,317
172-31-harry.jpg,800,608,Harry,362,281,434,322
172-41-luna.jpg,800,608,Luna,453,288,570,375
173-31-harry.jpg,800,608,Harry,277,295,372,352
173-41-luna.jpg,800,608,Luna,504,305,647,416
174-31-harry.jpg,800,608,Harry,182,317,302,395
174-41-luna.jpg,800,608,Luna,692,382,800,568
174-42-ginny.jpg,800,608,Ginny,625,258,669,293
175-31-harry.jpg,800,608,Harry,87,345,235,443
175-41-sirius.jpg,800,608,Sirius,562,291,634,334
175-42-ginny.jpg,800,608,Ginny,603,268,655,307
176-35-voldemort.jpg,800,608,Voldemort,342,288,435,343
176-4-harry.jpg,800,608,Harry,74,243,112,328
176-41-sirius.jpg,800,608,Sirius,616,323,719,386
176-42-ginny.jpg,800,608,Ginny,589,268,645,312
177-35-voldemort.jpg,800,608,Voldemort,317,321,460,407
177-4-harry.jpg,800,608,Harry,58,247,105,363
177-41-sirius.jpg,800,608,Sirius,637,359,778,446
177-42-ginny.jpg,800,608,Ginny,563,275,633,320
178-35-voldemort.jpg,800,608,Voldemort,260,401,537,557
178-4-harry.jpg,800,608,Harry,19,251,93,418
178-42-ginny.jpg,800,608,Ginny,540,293,627,351
178-42-sirius.jpg,800,608,Sirius,665,258,689,307
179-35-voldemort.jpg,800,608,Voldemort,235,439,577,607
179-42-ginny.jpg,800,608,Ginny,515,323,639,400
179-42-sirius.jpg,800,608,Sirius,640,255,674,322
179-5-harry.jpg,800,608,Harry,212,234,244,298
18-11-ginny.jpg,800,608,Ginny,207,248,275,363
180-36-voldemort.jpg,800,608,Voldemort,365,229,394,282
180-42-ginny.jpg,800,608,Ginny,491,380,683,493
180-42-sirius.jpg,800,608,Sirius,605,259,653,355
180-5-harry.jpg,800,608,Harry,233,235,268,311
181-36-voldemort.jpg,800,608,Voldemort,367,234,397,297
181-42-ginny.jpg,800,608,Ginny,483,398,704,526
181-42-sirius.jpg,800,608,Sirius,616,273,698,427
181-5-harry.jpg,800,608,Harry,242,235,283,320
182-36-voldemort.jpg,800,608,Voldemort,367,241,414,328
182-42-sirius.jpg,800,608,Sirius,660,303,798,560
182-43-ginny.jpg,800,608,Ginny,504,277,577,318
182-5-harry.jpg,800,608,Harry,250,235,295,327
183-36-voldemort.jpg,800,608,Voldemort,365,242,414,331
183-43-ginny.jpg,800,608,Ginny,465,293,560,346
183-43-luna.jpg,800,608,Luna,715,259,747,291
183-43-luna.jpg,800,608,Luna,395,253,441,284
183-43-sirius.jpg,800,608,Sirius,495,239,521,293
183-5-harry.jpg,800,608,Harry,291,259,427,542
184-36-voldemort.jpg,800,608,Voldemort,359,250,424,378
184-43-ginny.jpg,800,608,Ginny,415,322,554,402
184-43-luna.jpg,800,608,Luna,715,259,747,291
184-43-luna.jpg,800,608,Luna,395,253,441,284
184-43-sirius.jpg,800,608,Sirius,448,244,481,306
185-36-voldemort.jpg,800,608,Voldemort,352,260,436,420
185-43-ginny.jpg,800,608,Ginny,300,415,565,593
185-43-luna.jpg,800,608,Luna,395,253,442,283
185-43-sirius.jpg,800,608,Sirius,381,242,434,332
186-36-voldemort.jpg,800,608,Voldemort,347,269,447,468
186-43-luna.jpg,800,608,Luna,395,251,443,282
186-43-sirius.jpg,800,608,Sirius,333,251,431,399
187-36-voldemort.jpg,800,608,Voldemort,331,293,475,588
187-43-luna.jpg,800,608,Luna,396,255,448,286
187-44-sirius.jpg,800,608,Sirius,409,236,425,260
188-4-voldemort.jpg,800,608,Voldemort,447,229,485,280
188-43-luna.jpg,800,608,Luna,397,255,448,287
188-44-sirius.jpg,800,608,Sirius,427,236,443,264
189-4-voldemort.jpg,800,608,Voldemort,415,233,461,298
189-43-luna.jpg,800,608,Luna,398,255,453,290
189-44-sirius.jpg,800,608,Sirius,432,235,451,270
19-11-ginny.jpg,800,608,Ginny,204,262,327,458
19-13-harry.jpg,800,608,Harry,405,227,422,265
190-4-voldemort.jpg,800,608,Voldemort,396,237,446,306
190-43-luna.jpg,800,608,Luna,398,260,461,300
190-44-sirius.jpg,800,608,Sirius,432,239,453,281
190-7-harry.jpg,800,608,Harry,196,236,223,285
191-4-voldemort.jpg,800,608,Voldemort,380,242,439,320
191-43-luna.jpg,800,608,Luna,403,273,492,331
191-44-sirius.jpg,800,608,Sirius,454,243,491,296
191-7-harry.jpg,800,608,Harry,193,234,219,287
192-4-voldemort.jpg,800,608,Voldemort,363,243,432,332
192-43-luna.jpg,800,608,Luna,404,290,521,367
192-44-sirius.jpg,800,608,Sirius,493,251,535,325
192-45-ginny.jpg,800,608,Ginny,428,283,513,333
192-7-harry.jpg,800,608,Harry,187,238,217,293
193-4-voldemort.jpg,800,608,Voldemort,346,249,434,363
193-43-luna.jpg,800,608,Luna,413,320,566,423
193-44-sirius.jpg,800,608,Sirius,558,263,625,384
193-45-ginny.jpg,800,608,Ginny,454,315,579,395
193-7-harry.jpg,800,608,Harry,176,238,212,313
194-4-voldemort.jpg,800,608,Voldemort,342,255,450,395
194-43-luna.jpg,800,608,Luna,429,403,705,582
194-44-sirius.jpg,800,608,Sirius,660,293,761,482
194-45-ginny.jpg,800,608,Ginny,509,404,722,575
194-7-harry.jpg,800,608,Harry,179,238,219,316
195-4-voldemort.jpg,800,608,Voldemort,345,270,509,485
195-44-luna.jpg,800,608,Luna,339,256,394,294
195-45-sirius.jpg,800,608,Sirius,441,232,468,277
195-46-ginny.jpg,800,608,Ginny,292,250,339,348
195-7-harry.jpg,800,608,Harry,182,237,225,322
196-4-voldemort.jpg,800,608,Voldemort,343,287,559,574
196-44-luna.jpg,800,608,Luna,316,266,384,319
196-45-sirius.jpg,800,608,Sirius,442,240,475,291
196-46-ginny.jpg,800,608,Ginny,332,255,400,397
196-7-harry.jpg,800,608,Harry,185,238,229,323
197-4-voldemort.jpg,800,608,Voldemort,347,291,569,587
197-44-luna.jpg,800,608,Luna,290,282,391,354
197-45-sirius.jpg,800,608,Sirius,490,250,538,332
197-46-ginny.jpg,800,608,Ginny,411,284,534,524
197-7-harry.jpg,800,608,Harry,199,238,247,346
198-44-luna.jpg,800,608,Luna,223,322,403,450
198-45-sirius.jpg,800,608,Sirius,538,260,606,376
198-7-harry.jpg,800,608,Harry,210,242,279,387
199-44-luna.jpg,800,608,Luna,107,388,415,585
199-45-sirius.jpg,800,608,Sirius,634,275,727,454
199-7-harry.jpg,800,608,Harry,214,243,290,407
2-1-ginny.jpg,800,608,Ginny,265,237,287,277
2-1-sirius.jpg,800,608,Sirius,555,246,583,295
2-1-voldemort.jpg,800,608,Voldemort,112,261,136,305
2-22-luna.jpg,800,608,Luna,390,230,406,268
20-11-ginny.jpg,800,608,Ginny,167,277,364,571
20-13-harry.jpg,800,608,Harry,411,233,432,278
200-46-sirius.jpg,800,608,Sirius,442,243,465,286
200-7-harry.jpg,800,608,Harry,212,249,306,453
201-46-sirius.jpg,800,608,Sirius,453,259,485,317
201-7-harry.jpg,800,608,Harry,207,257,333,511
202-46-sirius.jpg,800,608,Sirius,445,263,491,343
202-7-harry.jpg,800,608,Harry,202,261,345,548
203-46-sirius.jpg,800,608,Sirius,429,267,489,366
203-7-harry.jpg,800,608,Harry,202,263,355,569
204-46-sirius.jpg,800,608,Sirius,400,275,484,415
204-48-ginny.jpg,800,608,Ginny,364,269,434,313
205-46-sirius.jpg,800,608,Sirius,394,281,490,448
205-48-ginny.jpg,800,608,Ginny,282,305,410,385
205-9-harry.jpg,800,608,Harry,235,233,257,277
206-46-luna.jpg,800,608,Luna,365,245,392,269
206-47-sirius.jpg,800,608,Sirius,639,280,654,313
206-48-ginny.jpg,800,608,Ginny,39,385,284,549
206-9-harry.jpg,800,608,Harry,256,235,282,280
207-46-luna.jpg,800,608,Luna,349,250,391,287
207-47-sirius.jpg,800,608,Sirius,629,277,645,311
207-9-harry.jpg,800,608,Harry,300,236,327,289
208-46-luna.jpg,800,608,Luna,326,266,396,318
208-47-sirius.jpg,800,608,Sirius,568,272,588,313
208-9-harry.jpg,800,608,Harry,352,236,388,299
209-46-luna.jpg,800,608,Luna,288,297,425,397
209-47-sirius.jpg,800,608,Sirius,519,268,543,318
209-9-harry.jpg,800,608,Harry,407,238,454,320
21-12-ginny.jpg,800,608,Ginny,1,273,47,423
21-13-harry.jpg,800,608,Harry,413,237,441,294
210-46-luna.jpg,800,608,Luna,240,320,440,480
210-47-sirius.jpg,800,608,Sirius,447,263,483,332
210-9-harry.jpg,800,608,Harry,444,243,500,345
211-46-luna.jpg,800,608,Luna,208,341,453,540
211-47-sirius.jpg,800,608,Sirius,369,263,418,355
211-9-harry.jpg,800,608,Harry,472,249,542,379
212-46-luna.jpg,800,608,Luna,210,335,452,533
212-47-sirius.jpg,800,608,Sirius,286,266,351,387
212-9-harry.jpg,800,608,Harry,509,260,609,457
213-47-luna.jpg,800,608,Luna,364,232,377,251
213-47-sirius.jpg,800,608,Sirius,183,275,276,451
213-5-ginny.jpg,800,608,Ginny,412,231,435,275
213-9-harry.jpg,800,608,Harry,563,283,718,568
214-47-luna.jpg,800,608,Luna,353,231,371,259
214-47-sirius.jpg,800,608,Sirius,165,275,260,462
214-5-ginny.jpg,800,608,Ginny,415,235,443,287
215-47-luna.jpg,800,608,Luna,355,234,372,263
215-47-sirius.jpg,800,608,Sirius,45,289,169,538
215-5-ginny.jpg,800,608,Ginny,433,243,468,313
216-47-luna.jpg,800,608,Luna,335,233,357,270
216-48-sirius.jpg,800,608,Sirius,635,429,800,565
216-5-ginny.jpg,800,608,Ginny,424,247,482,350
217-47-luna.jpg,800,608,Luna,324,241,351,293
217-48-sirius.jpg,800,608,Sirius,603,380,736,470
217-5-ginny.jpg,800,608,Ginny,376,267,494,494
218-47-luna.jpg,800,608,Luna,306,245,342,313
218-48-sirius.jpg,800,608,Sirius,601,340,695,404
219-47-luna.jpg,800,608,Luna,260,252,319,363
219-48-sirius.jpg,800,608,Sirius,611,322,682,372
219-8-voldemort.jpg,800,608,Voldemort,445,226,460,263
22-12-ginny.jpg,800,608,Ginny,62,251,100,343
22-13-harry.jpg,800,608,Harry,424,242,467,323
220-47-luna.jpg,800,608,Luna,179,272,276,451
220-48-sirius.jpg,800,608,Sirius,619,315,676,357
220-8-voldemort.jpg,800,608,Voldemort,464,227,485,274
221-47-luna.jpg,800,608,Luna,1,324,185,608
221-8-voldemort.jpg,800,608,Voldemort,492,228,520,290
222-7-ginny.jpg,800,608,Ginny,355,243,402,335
222-8-voldemort.jpg,800,608,Voldemort,518,229,553,307
223-7-ginny.jpg,800,608,Ginny,345,258,420,424
223-8-voldemort.jpg,800,608,Voldemort,567,228,615,335
224-7-ginny.jpg,800,608,Ginny,316,288,465,608
224-8-voldemort.jpg,800,608,Voldemort,610,233,681,371
225-8-ginny.jpg,800,608,Ginny,369,235,394,277
225-8-voldemort.jpg,800,608,Voldemort,694,243,787,431
226-8-ginny.jpg,800,608,Ginny,364,233,390,284
226-9-voldemort.jpg,800,608,Voldemort,368,233,387,275
227-8-ginny.jpg,800,608,Ginny,360,239,400,315
227-9-voldemort.jpg,800,608,Voldemort,362,237,385,293
228-5-sirius.jpg,800,608,Sirius,563,246,586,289
228-8-ginny.jpg,800,608,Ginny,329,268,449,473
228-9-voldemort.jpg,800,608,Voldemort,364,240,392,301
229-5-sirius.jpg,800,608,Sirius,557,248,583,295
229-8-ginny.jpg,800,608,Ginny,305,283,487,593
229-9-voldemort.jpg,800,608,Voldemort,349,245,382,317
23-12-ginny.jpg,800,608,Ginny,141,244,170,305
23-13-harry.jpg,800,608,Harry,440,249,502,362
230-49-luna.jpg,800,608,Luna,152,240,178,279
230-5-sirius.jpg,800,608,Sirius,533,249,561,298
230-9-ginny.jpg,800,608,Ginny,187,246,227,335
230-9-voldemort.jpg,800,608,Voldemort,333,247,370,328
231-49-luna.jpg,800,608,Luna,163,242,186,286
231-5-sirius.jpg,800,608,Sirius,501,247,532,304
231-9-ginny.jpg,800,608,Ginny,118,254,174,373
231-9-voldemort.jpg,800,608,Voldemort,280,255,334,363
232-49-luna.jpg,800,608,Luna,195,249,223,300
232-5-sirius.jpg,800,608,Sirius,451,252,491,320
232-9-ginny.jpg,800,608,Ginny,14,267,99,438
232-9-voldemort.jpg,800,608,Voldemort,262,258,321,374
233-49-luna.jpg,800,608,Luna,267,251,305,320
233-5-sirius.jpg,800,608,Sirius,397,255,445,340
234-49-luna.jpg,800,608,Luna,301,251,343,332
234-5-sirius.jpg,800,608,Sirius,331,260,391,372
235-49-luna.jpg,800,608,Luna,352,258,410,368
235-5-sirius.jpg,800,608,Sirius,201,277,296,450
236-49-luna.jpg,800,608,Luna,421,275,505,437
236-5-sirius.jpg,800,608,Sirius,56,297,203,536
237-49-luna.jpg,800,608,Luna,653,346,799,608
237-50-sirius.jpg,800,608,Sirius,374,242,399,295
238-50-luna.jpg,800,608,Luna,106,250,136,305
238-50-sirius.jpg,800,608,Sirius,363,244,404,317
239-50-luna.jpg,800,608,Luna,93,254,134,324
239-50-sirius.jpg,800,608,Sirius,340,245,407,366
24-12-ginny.jpg,800,608,Ginny,172,243,195,295
24-13-harry.jpg,800,608,Harry,464,261,553,427
24-13-voldemort.jpg,800,608,Voldemort,221,258,251,315
240-50-luna.jpg,800,608,Luna,98,257,146,349
240-50-sirius.jpg,800,608,Sirius,322,256,421,459
241-50-luna.jpg,800,608,Luna,73,269,143,401
242-50-luna.jpg,800,608,Luna,21,285,120,473
243-51-luna.jpg,800,608,Luna,231,253,280,293
244-51-luna.jpg,800,608,Luna,305,269,363,306
245-51-luna.jpg,800,608,Luna,392,283,474,336
246-51-luna.jpg,800,608,Luna,449,303,562,374
247-51-luna.jpg,800,608,Luna,496,335,651,437
247-52-sirius.jpg,800,608,Sirius,275,234,298,269
248-51-luna.jpg,800,608,Luna,549,393,783,540
248-52-sirius.jpg,800,608,Sirius,268,236,289,273
249-52-sirius.jpg,800,608,Sirius,251,239,275,282
25-13-ginny.jpg,800,608,Ginny,313,250,353,333
25-13-harry.jpg,800,608,Harry,484,270,596,481
25-13-voldemort.jpg,800,608,Voldemort,281,249,319,320
250-52-sirius.jpg,800,608,Sirius,190,247,227,310
251-52-sirius.jpg,800,608,Sirius,101,260,165,372
252-52-sirius.jpg,800,608,Sirius,1,294,135,536
258-54-luna.jpg,800,608,Luna,609,252,640,272
258-7-sirius.jpg,800,608,Sirius,363,237,381,266
259-54-luna.jpg,800,608,Luna,602,256,634,276
259-7-sirius.jpg,800,608,Sirius,377,240,395,273
26-13-ginny.jpg,800,608,Ginny,381,262,440,382
26-13-harry.jpg,800,608,Harry,536,301,736,607
26-13-voldemort.jpg,800,608,Voldemort,345,256,399,357
26-14-sirius.jpg,800,608,Sirius,143,240,184,313
260-54-luna.jpg,800,608,Luna,601,264,640,290
260-7-sirius.jpg,800,608,Sirius,370,244,396,285
261-54-luna.jpg,800,608,Luna,565,265,610,291
261-7-sirius.jpg,800,608,Sirius,366,246,404,312
262-54-luna.jpg,800,608,Luna,525,271,582,305
262-7-sirius.jpg,800,608,Sirius,349,254,414,372
263-54-luna.jpg,800,608,Luna,463,280,537,324
263-7-sirius.jpg,800,608,Sirius,313,286,466,564
264-54-luna.jpg,800,608,Luna,399,295,506,363
264-8-sirius.jpg,800,608,Sirius,471,247,500,302
265-54-luna.jpg,800,608,Luna,304,325,469,433
265-8-sirius.jpg,800,608,Sirius,514,251,554,328
266-54-luna.jpg,800,608,Luna,198,365,435,520
266-8-sirius.jpg,800,608,Sirius,581,257,636,375
267-54-luna.jpg,800,608,Luna,173,368,426,537
267-8-sirius.jpg,800,608,Sirius,708,275,800,471
268-54-luna.jpg,800,608,Luna,176,367,424,539
268-9-sirius.jpg,800,608,Sirius,110,245,127,278
269-9-sirius.jpg,800,608,Sirius,103,246,121,278
27-13-ginny.jpg,800,608,Ginny,442,277,532,447
27-13-voldemort.jpg,800,608,Voldemort,437,265,522,431
27-14-harry.jpg,800,608,Harry,424,250,464,276
27-14-sirius.jpg,800,608,Sirius,176,249,239,357
27-25-luna.jpg,800,608,Luna,86,245,102,277
270-9-sirius.jpg,800,608,Sirius,101,246,121,280
271-9-sirius.jpg,800,608,Sirius,87,250,108,287
272-9-sirius.jpg,800,608,Sirius,89,248,110,288
273-9-sirius.jpg,800,608,Sirius,137,251,165,302
274-9-sirius.jpg,800,608,Sirius,167,250,205,317
275-9-sirius.jpg,800,608,Sirius,197,255,250,356
276-9-sirius.jpg,800,608,Sirius,201,268,305,448
277-9-sirius.jpg,800,608,Sirius,175,293,370,606
28-13-ginny.jpg,800,608,Ginny,584,332,782,607
28-13-voldemort.jpg,800,608,Voldemort,610,303,772,606
28-14-harry.jpg,800,608,Harry,426,259,472,289
28-14-sirius.jpg,800,608,Sirius,201,258,295,440
28-25-luna.jpg,800,608,Luna,153,239,170,276
29-14-ginny.jpg,800,608,Ginny,323,242,357,302
29-14-harry.jpg,800,608,Harry,447,273,515,319
29-14-sirius.jpg,800,608,Sirius,194,272,352,553
29-14-voldemort.jpg,800,608,Voldemort,82,302,164,455
29-25-luna.jpg,800,608,Luna,231,236,252,278
3-1-ginny.jpg,800,608,Ginny,235,237,260,290
3-1-sirius.jpg,800,608,Sirius,536,248,580,332
3-1-voldemort.jpg,800,608,Voldemort,162,256,191,310
3-22-luna.jpg,800,608,Luna,383,231,403,279
30-14-ginny.jpg,800,608,Ginny,434,251,483,342
30-14-harry.jpg,800,608,Harry,460,284,547,343
30-14-sirius.jpg,800,608,Sirius,192,269,353,558
30-14-voldemort.jpg,800,608,Voldemort,7,334,133,553
30-25-luna.jpg,800,608,Luna,289,235,312,283
31-14-ginny.jpg,800,608,Ginny,465,259,529,375
31-14-harry.jpg,800,608,Harry,475,297,575,367
31-15-sirius.jpg,800,608,Sirius,108,240,127,275
31-15-voldemort.jpg,800,608,Voldemort,372,238,403,305
31-25-luna.jpg,800,608,Luna,371,231,403,296
32-14-ginny.jpg,800,608,Ginny,504,272,589,440
32-14-harry.jpg,800,608,Harry,484,306,594,385
32-15-sirius.jpg,800,608,Sirius,135,242,157,284
32-15-voldemort.jpg,800,608,Voldemort,370,240,409,330
32-25-luna.jpg,800,608,Luna,441,230,479,308
33-14-ginny.jpg,800,608,Ginny,563,300,697,543
33-14-harry.jpg,800,608,Harry,512,332,662,446
33-15-sirius.jpg,800,608,Sirius,174,238,201,297
33-15-voldemort.jpg,800,608,Voldemort,364,244,417,357
33-25-luna.jpg,800,608,Luna,535,236,589,344
34-14-ginny.jpg,800,608,Ginny,680,390,799,606
34-14-harry.jpg,800,608,Harry,532,352,712,493
34-15-sirius.jpg,800,608,Sirius,231,245,273,328
34-15-voldemort.jpg,800,608,Voldemort,354,250,417,383
34-25-luna.jpg,800,608,Luna,726,252,798,450
35-14-harry.jpg,800,608,Harry,570,387,787,561
35-15-sirius.jpg,800,608,Sirius,266,249,326,378
35-15-voldemort.jpg,800,608,Voldemort,343,258,426,433
35-26-luna.jpg,800,608,Luna,451,226,473,262
36-14-harry.jpg,800,608,Harry,587,401,798,588
36-15-sirius.jpg,800,608,Sirius,271,263,372,452
36-15-voldemort.jpg,800,608,Voldemort,332,268,439,492
36-26-luna.jpg,800,608,Luna,469,230,496,277
37-14-harry.jpg,800,608,Harry,666,467,800,607
37-15-voldemort.jpg,800,608,Voldemort,327,273,444,508
37-16-sirius.jpg,800,608,Sirius,244,255,316,399
37-26-luna.jpg,800,608,Luna,489,234,525,297
38-15-harry.jpg,800,608,Harry,410,225,432,270
38-15-voldemort.jpg,800,608,Voldemort,326,274,447,522
38-16-sirius.jpg,800,608,Sirius,208,272,327,507
38-26-luna.jpg,800,608,Luna,493,234,528,297
39-15-harry.jpg,800,608,Harry,425,224,458,286
39-16-ginny.jpg,800,608,Ginny,299,225,336,300
39-16-sirius.jpg,800,608,Sirius,203,273,335,526
39-16-voldemort.jpg,800,608,Voldemort,335,239,360,277
39-26-luna.jpg,800,608,Luna,527,236,570,317
4-1-ginny.jpg,800,608,Ginny,202,241,235,304
4-1-sirius.jpg,800,608,Sirius,465,261,554,420
4-1-voldemort.jpg,800,608,Voldemort,180,256,213,323
4-22-luna.jpg,800,608,Luna,382,232,404,278
40-15-harry.jpg,800,608,Harry,427,227,462,290
40-16-ginny.jpg,800,608,Ginny,294,227,335,305
40-16-voldemort.jpg,800,608,Voldemort,305,245,338,299
40-17-sirius.jpg,800,608,Sirius,332,274,416,327
40-26-luna.jpg,800,608,Luna,572,240,627,344
41-15-harry.jpg,800,608,Harry,432,228,468,294
41-16-ginny.jpg,800,608,Ginny,196,220,275,381
41-16-voldemort.jpg,800,608,Voldemort,312,245,349,312
41-17-sirius.jpg,800,608,Sirius,313,312,436,374
41-26-luna.jpg,800,608,Luna,571,240,627,345
42-15-harry.jpg,800,608,Harry,444,230,492,322
42-16-ginny.jpg,800,608,Ginny,1,227,125,560
42-16-voldemort.jpg,800,608,Voldemort,352,248,404,340
42-17-sirius.jpg,800,608,Sirius,251,380,473,512
42-26-luna.jpg,800,608,Luna,659,245,737,405
43-15-harry.jpg,800,608,Harry,446,229,506,336
43-16-ginny.jpg,800,608,Ginny,1,229,100,587
43-16-voldemort.jpg,800,608,Voldemort,439,248,514,382
43-17-sirius.jpg,800,608,Sirius,182,448,515,608
43-27-luna.jpg,800,608,Luna,451,226,472,261
44-15-harry.jpg,800,608,Harry,468,232,547,370
44-16-ginny.jpg,800,608,Ginny,119,228,237,459
44-16-voldemort.jpg,800,608,Voldemort,480,249,572,410
44-18-sirius.jpg,800,608,Sirius,360,248,391,270
44-27-luna.jpg,800,608,Luna,473,231,501,281
45-15-harry.jpg,800,608,Harry,577,256,795,593
45-16-ginny.jpg,800,608,Ginny,228,225,294,360
45-16-voldemort.jpg,800,608,Voldemort,559,253,667,450
45-18-sirius.jpg,800,608,Sirius,356,252,398,280
45-27-luna.jpg,800,608,Luna,490,234,525,295
46-16-ginny.jpg,800,608,Ginny,302,227,339,303
46-16-harry.jpg,800,608,Harry,295,261,348,284
46-17-voldemort.jpg,800,608,Voldemort,359,239,389,283
46-18-sirius.jpg,800,608,Sirius,338,264,400,303
46-27-luna.jpg,800,608,Luna,493,234,529,300
47-16-ginny.jpg,800,608,Ginny,318,226,347,285
47-16-harry.jpg,800,608,Harry,279,267,340,290
47-17-voldemort.jpg,800,608,Voldemort,352,241,388,298
47-18-sirius.jpg,800,608,Sirius,316,285,410,338
47-27-luna.jpg,800,608,Luna,525,237,571,319
48-16-ginny.jpg,800,608,Ginny,325,224,351,275
48-16-harry.jpg,800,608,Harry,165,317,298,385
48-17-voldemort.jpg,800,608,Voldemort,345,251,407,343
48-18-sirius.jpg,800,608,Sirius,283,316,425,404
48-27-luna.jpg,800,608,Luna,571,241,627,345
49-16-harry.jpg,800,608,Harry,145,323,290,401
49-17-ginny.jpg,800,608,Ginny,655,270,717,395
49-17-voldemort.jpg,800,608,Voldemort,340,258,424,386
49-18-sirius.jpg,800,608,Sirius,205,383,455,542
49-27-luna.jpg,800,608,Luna,571,241,628,346
5-1-ginny.jpg,800,608,Ginny,199,247,248,348
5-1-sirius.jpg,800,608,Sirius,425,273,565,520
5-1-voldemort.jpg,800,608,Voldemort,184,259,222,333
5-22-luna.jpg,800,608,Luna,382,232,406,282
50-16-harry.jpg,800,608,Harry,104,342,272,440
50-17-voldemort.jpg,800,608,Voldemort,317,272,462,483
50-18-sirius.jpg,800,608,Sirius,201,381,459,546
50-27-luna.jpg,800,608,Luna,715,255,800,454
51-16-harry.jpg,800,608,Harry,97,343,269,441
51-17-voldemort.jpg,800,608,Voldemort,297,278,484,549
51-19-sirius.jpg,800,608,Sirius,268,249,299,264
51-27-luna.jpg,800,608,Luna,544,248,592,338
52-16-harry.jpg,800,608,Harry,1,394,220,535
52-18-voldemort.jpg,800,608,Voldemort,339,241,374,312
52-19-sirius.jpg,800,608,Sirius,240,259,279,281
52-27-luna.jpg,800,608,Luna,540,247,587,334
53-17-harry.jpg,800,608,Harry,463,281,566,340
53-18-voldemort.jpg,800,608,Voldemort,339,246,379,327
53-19-sirius.jpg,800,608,Sirius,202,265,249,293
53-27-luna.jpg,800,608,Luna,555,242,607,342
54-17-harry.jpg,800,608,Harry,462,307,606,395
54-18-voldemort.jpg,800,608,Voldemort,339,246,384,339
54-19-sirius.jpg,800,608,Sirius,168,274,235,318
54-27-luna.jpg,800,608,Luna,601,248,661,368
55-17-harry.jpg,800,608,Harry,451,336,642,458
55-18-voldemort.jpg,800,608,Voldemort,327,256,395,388
55-19-sirius.jpg,800,608,Sirius,187,298,290,367
55-27-luna.jpg,800,608,Luna,632,250,699,388
56-17-harry.jpg,800,608,Harry,414,389,707,575
56-18-voldemort.jpg,800,608,Voldemort,319,264,403,430
56-19-ginny.jpg,800,608,Ginny,173,312,238,373
56-19-sirius.jpg,800,608,Sirius,193,355,368,468
56-27-luna.jpg,800,608,Luna,685,257,768,427
57-18-harry.jpg,800,608,Harry,364,227,389,270
57-18-voldemort.jpg,800,608,Voldemort,309,270,409,468
57-19-ginny.jpg,800,608,Ginny,1,365,149,511
57-19-sirius.jpg,800,608,Sirius,195,380,413,524
57-28-luna.jpg,800,608,Luna,450,226,468,262
58-18-harry.jpg,800,608,Harry,342,236,394,326
58-18-voldemort.jpg,800,608,Voldemort,287,292,434,575
58-2-ginny.jpg,800,608,Ginny,354,233,376,278
58-2-sirius.jpg,800,608,Sirius,647,268,704,362
58-28-luna.jpg,800,608,Luna,455,228,474,265
59-18-harry.jpg,800,608,Harry,325,238,385,345
59-18-voldemort.jpg,800,608,Voldemort,272,302,447,607
59-2-ginny.jpg,800,608,Ginny,352,237,375,286
59-2-sirius.jpg,800,608,Sirius,658,273,717,387
59-28-luna.jpg,800,608,Luna,462,228,482,268
6-1-ginny.jpg,800,608,Ginny,212,250,273,381
6-1-voldemort.jpg,800,608,Voldemort,192,263,238,355
6-10-sirius.jpg,800,608,Sirius,180,312,339,608
6-22-luna.jpg,800,608,Luna,377,229,408,296
60-18-harry.jpg,800,608,Harry,283,245,355,380
60-19-voldemort.jpg,800,608,Voldemort,456,237,481,285
60-2-ginny.jpg,800,608,Ginny,266,242,304,318
60-2-sirius.jpg,800,608,Sirius,674,278,750,420
60-28-luna.jpg,800,608,Luna,465,228,487,269
61-18-harry.jpg,800,608,Harry,166,260,275,465
61-19-voldemort.jpg,800,608,Voldemort,471,235,500,292
61-2-ginny.jpg,800,608,Ginny,145,248,202,366
61-20-sirius.jpg,800,608,Sirius,163,271,220,305
61-28-luna.jpg,800,608,Luna,507,232,538,294
62-19-harry.jpg,800,608,Harry,471,268,525,306
62-19-voldemort.jpg,800,608,Voldemort,489,237,521,303
62-2-ginny.jpg,800,608,Ginny,1,258,65,426
62-20-sirius.jpg,800,608,Sirius,198,284,280,329
62-28-luna.jpg,800,608,Luna,516,233,551,304
63-19-harry.jpg,800,608,Harry,462,269,517,308
63-19-voldemort.jpg,800,608,Voldemort,528,241,568,326
63-20-sirius.jpg,800,608,Sirius,228,298,345,367
63-28-luna.jpg,800,608,Luna,539,234,579,316
64-19-harry.jpg,800,608,Harry,448,271,508,313
64-19-voldemort.jpg,800,608,Voldemort,577,253,638,377
64-20-sirius.jpg,800,608,Sirius,220,379,493,544
64-28-luna.jpg,800,608,Luna,555,235,598,324
65-19-harry.jpg,800,608,Harry,432,273,497,318
65-2-voldemort.jpg,800,608,Voldemort,353,240,399,317
65-20-sirius.jpg,800,608,Sirius,205,410,540,608
65-28-luna.jpg,800,608,Luna,572,240,622,345
66-19-harry.jpg,800,608,Harry,405,277,476,330
66-2-voldemort.jpg,800,608,Voldemort,354,242,409,334
66-21-sirius.jpg,800,608,Sirius,47,312,147,372
66-28-luna.jpg,800,608,Luna,631,248,700,388
67-19-harry.jpg,800,608,Harry,367,285,449,347
67-2-voldemort.jpg,800,608,Voldemort,353,244,421,347
67-21-sirius.jpg,800,608,Sirius,5,334,131,416
67-28-luna.jpg,800,608,Luna,683,253,768,433
68-19-harry.jpg,800,608,Harry,278,307,395,399
68-2-voldemort.jpg,800,608,Voldemort,336,253,430,398
68-29-luna.jpg,800,608,Luna,309,232,333,275
69-19-harry.jpg,800,608,Harry,256,313,382,417
69-2-voldemort.jpg,800,608,Voldemort,334,254,431,403
69-29-luna.jpg,800,608,Luna,266,237,305,302
7-1-ginny.jpg,800,608,Ginny,217,259,315,456
7-1-voldemort.jpg,800,608,Voldemort,225,262,291,387
7-10-sirius.jpg,800,608,Sirius,214,280,309,457
7-22-luna.jpg,800,608,Luna,371,232,403,305
70-19-harry.jpg,800,608,Harry,161,343,330,488
70-2-voldemort.jpg,800,608,Voldemort,330,256,434,415
70-29-luna.jpg,800,608,Luna,235,240,281,320
71-19-harry.jpg,800,608,Harry,79,375,290,563
71-2-voldemort.jpg,800,608,Voldemort,317,263,442,458
71-29-luna.jpg,800,608,Luna,162,243,230,360
72-19-harry.jpg,800,608,Harry,17,503,172,607
72-2-voldemort.jpg,800,608,Voldemort,295,277,462,547
72-29-luna.jpg,800,608,Luna,106,244,184,398
73-19-harry.jpg,800,608,Harry,10,489,182,606
73-20-voldemort.jpg,800,608,Voldemort,47,340,201,589
73-23-sirius.jpg,800,608,Sirius,409,241,423,270
73-30-luna.jpg,800,608,Luna,574,232,600,283
74-2-harry.jpg,800,608,Harry,371,224,395,283
74-23-sirius.jpg,800,608,Sirius,414,240,433,279
74-30-luna.jpg,800,608,Luna,574,233,599,283
75-2-harry.jpg,800,608,Harry,369,227,397,285
75-22-ginny.jpg,800,608,Ginny,564,272,624,311
75-23-sirius.jpg,800,608,Sirius,427,244,455,298
75-30-luna.jpg,800,608,Luna,540,233,570,291
76-2-harry.jpg,800,608,Harry,365,227,400,299
76-22-ginny.jpg,800,608,Ginny,492,285,581,344
76-23-sirius.jpg,800,608,Sirius,428,245,462,303
76-30-luna.jpg,800,608,Luna,487,231,525,297
77-2-harry.jpg,800,608,Harry,362,228,403,321
77-22-ginny.jpg,800,608,Ginny,405,311,542,404
77-23-sirius.jpg,800,608,Sirius,436,247,474,320
77-30-luna.jpg,800,608,Luna,463,230,507,307
78-2-harry.jpg,800,608,Harry,352,232,409,354
78-22-ginny.jpg,800,608,Ginny,310,358,524,500
78-23-sirius.jpg,800,608,Sirius,458,256,504,349
78-30-luna.jpg,800,608,Luna,431,231,481,323
79-2-harry.jpg,800,608,Harry,337,244,414,429
79-22-ginny.jpg,800,608,Ginny,249,390,517,574
79-23-sirius.jpg,800,608,Sirius,496,266,560,396
79-30-luna.jpg,800,608,Luna,402,235,461,346
8-1-ginny.jpg,800,608,Ginny,216,263,335,498
8-1-voldemort.jpg,800,608,Voldemort,235,258,307,401
8-11-sirius.jpg,800,608,Sirius,161,252,187,294
8-22-luna.jpg,800,608,Luna,358,240,410,342
80-2-harry.jpg,800,608,Harry,313,253,432,519
80-23-sirius.jpg,800,608,Sirius,533,289,648,516
80-30-luna.jpg,800,608,Luna,353,240,432,385
81-2-harry.jpg,800,608,Harry,313,254,431,525
81-30-luna.jpg,800,608,Luna,256,245,368,463
82-20-harry.jpg,800,608,Harry,641,239,673,299
82-24-ginny.jpg,800,608,Ginny,461,241,494,301
82-31-luna.jpg,800,608,Luna,81,245,132,345
83-20-harry.jpg,800,608,Harry,642,240,675,301
83-24-ginny.jpg,800,608,Ginny,464,243,499,307
83-31-luna.jpg,800,608,Luna,18,257,88,390
84-20-harry.jpg,800,608,Harry,633,243,671,312
84-24-ginny.jpg,800,608,Ginny,482,248,526,328
84-32-luna.jpg,800,608,Luna,366,229,377,252
85-20-harry.jpg,800,608,Harry,631,246,669,318
85-24-ginny.jpg,800,608,Ginny,525,261,579,366
85-25-sirius.jpg,800,608,Sirius,87,246,125,312
85-32-luna.jpg,800,608,Luna,355,230,372,257
86-20-harry.jpg,800,608,Harry,627,252,676,342
86-24-ginny.jpg,800,608,Ginny,572,277,649,427
86-25-sirius.jpg,800,608,Sirius,88,248,125,312
86-32-luna.jpg,800,608,Luna,341,230,360,264
87-20-harry.jpg,800,608,Harry,624,251,677,345
87-23-voldemort.jpg,800,608,Voldemort,504,230,529,281
87-24-ginny.jpg,800,608,Ginny,622,317,770,574
87-25-sirius.jpg,800,608,Sirius,80,248,121,319
87-32-luna.jpg,800,608,Luna,338,234,360,274
88-20-harry.jpg,800,608,Harry,615,255,670,365
88-23-voldemort.jpg,800,608,Voldemort,492,230,518,286
88-25-ginny.jpg,800,608,Ginny,349,240,385,313
88-25-sirius.jpg,800,608,Sirius,51,257,101,348
88-32-luna.jpg,800,608,Luna,326,234,353,283
89-20-harry.jpg,800,608,Harry,610,257,675,382
89-23-voldemort.jpg,800,608,Voldemort,459,235,491,300
89-25-ginny.jpg,800,608,Ginny,136,272,224,455
89-25-sirius.jpg,800,608,Sirius,30,267,96,398
89-32-luna.jpg,800,608,Luna,308,235,343,293
9-1-ginny.jpg,800,608,Ginny,217,263,340,500
9-1-voldemort.jpg,800,608,Voldemort,235,275,379,558
9-11-sirius.jpg,800,608,Sirius,218,255,248,309
9-22-luna.jpg,800,608,Luna,349,247,428,413
90-20-harry.jpg,800,608,Harry,665,283,795,517
90-23-voldemort.jpg,800,608,Voldemort,399,245,440,329
90-26-ginny.jpg,800,608,Ginny,344,240,374,293
90-32-luna.jpg,800,608,Luna,309,234,343,295
91-20-harry.jpg,800,608,Harry,682,294,800,546
91-23-voldemort.jpg,800,608,Voldemort,331,258,389,369
91-26-ginny.jpg,800,608,Ginny,409,247,452,330
91-32-luna.jpg,800,608,Luna,305,234,342,295
92-23-voldemort.jpg,800,608,Voldemort,300,265,366,389
92-26-ginny.jpg,800,608,Ginny,470,249,524,352
92-32-luna.jpg,800,608,Luna,307,233,342,296
93-23-voldemort.jpg,800,608,Voldemort,209,285,297,453
93-26-ginny.jpg,800,608,Ginny,599,270,674,419
93-32-luna.jpg,800,608,Luna,307,233,342,296
94-23-voldemort.jpg,800,608,Voldemort,12,339,159,590
94-32-luna.jpg,800,608,Luna,288,235,330,308
95-24-voldemort.jpg,800,608,Voldemort,246,235,315,356
95-32-luna.jpg,800,608,Luna,267,238,316,326
96-24-voldemort.jpg,800,608,Voldemort,144,247,274,474
96-32-luna.jpg,800,608,Luna,200,243,273,377
97-24-voldemort.jpg,800,608,Voldemort,41,255,234,582
97-28-ginny.jpg,800,608,Ginny,205,341,395,455
97-32-luna.jpg,800,608,Luna,72,262,181,488
98-25-voldemort.jpg,800,608,Voldemort,340,228,367,274
98-28-ginny.jpg,800,608,Ginny,164,371,417,517
98-33-luna.jpg,800,608,Luna,232,234,247,261
99-25-voldemort.jpg,800,608,Voldemort,336,231,365,280
99-29-ginny.jpg,800,608,Ginny,240,297,292,362
99-33-luna.jpg,800,608,Luna,230,234,247,261
